TypeName,TypeKind,QualName,Subtype
AddTextNode,Data,cl.runtime.view.dag.nodes.add_text_node.AddTextNode,None
And,Data,cl.runtime.records.predicates.And,None
ApiSettings,Data,cl.runtime.settings.api_settings.ApiSettings,None
AzureBlobStorage,Record,cl.runtime.storage.for_azure.azure_blob_storage.AzureBlobStorage,None
AzureBlobTextFile,Data,cl.runtime.storage.for_azure.azure_blob_text_file.AzureBlobTextFile,None
BarPlot,Record,cl.runtime.plots.bar_plot.BarPlot,None
BaseTypeInfo,Data,cl.runtime.ui.base_type_info.BaseTypeInfo,None
BasicMongoDb,Record,cl.runtime.db.mongo.basic_mongo_db.BasicMongoDb,None
BasicMongoMockDb,Record,cl.runtime.db.mongo.basic_mongo_mock_db.BasicMongoMockDb,None
BinaryExperiment,Record,cl.runtime.stat.binary_experiment.BinaryExperiment,None
BinaryFile,Data,cl.runtime.storage.binary_file.BinaryFile,None
BinaryFileMode,Enum,cl.runtime.storage.binary_file_mode.BinaryFileMode,None
BinaryTrial,Record,cl.runtime.stat.binary_trial.BinaryTrial,None
BoolFormat,Enum,cl.runtime.serializers.bool_format.BoolFormat,None
BootstrapMixin,Data,cl.runtime.records.bootstrap_mixin.BootstrapMixin,None
BootstrapSerializer,Data,cl.runtime.serializers.bootstrap_serializer.BootstrapSerializer,None
BytesFormat,Enum,cl.runtime.serializers.bytes_format.BytesFormat,None
Case,Record,cl.runtime.stat.case.Case,None
CaseKey,Key,cl.runtime.stat.case_key.CaseKey,None
CategoricalBoxPlot,Record,cl.runtime.plots.categorical_box_plot.CategoricalBoxPlot,None
CeleryQueue,Record,cl.runtime.tasks.celery.celery_queue.CeleryQueue,None
CelerySettings,Data,cl.runtime.settings.celery_settings.CelerySettings,None
ClassMethodTask,Record,cl.runtime.tasks.class_method_task.ClassMethodTask,None
ClassifierExperiment,Record,cl.runtime.stat.classifier_experiment.ClassifierExperiment,None
ClassifierTrial,Record,cl.runtime.stat.classifier_trial.ClassifierTrial,None
ColumnState,Data,cl.runtime.ui.column_state.ColumnState,None
Configuration,Record,cl.runtime.configurations.configuration.Configuration,None
ConfigurationKey,Key,cl.runtime.configurations.configuration_key.ConfigurationKey,None
ConfusionMatrixPlot,Record,cl.runtime.plots.confusion_matrix_plot.ConfusionMatrixPlot,None
ContainerDecl,Data,cl.runtime.schema.container_decl.ContainerDecl,None
ContainerKind,Enum,cl.runtime.schema.container_kind.ContainerKind,None
ContextSnapshot,Data,cl.runtime.contexts.context_snapshot.ContextSnapshot,None
CsvReader,Record,cl.runtime.file.csv_reader.CsvReader,None
Dag,Record,cl.runtime.view.dag.dag.Dag,None
DagEdge,Data,cl.runtime.view.dag.dag_edge.DagEdge,None
DagKey,Key,cl.runtime.view.dag.dag_key.DagKey,None
DagLayout,Enum,cl.runtime.view.dag.dag_layout.DagLayout,None
DagNode,Data,cl.runtime.view.dag.nodes.dag_node.DagNode,None
DagNodeData,Data,cl.runtime.view.dag.dag_node_data.DagNodeData,None
DagNodePosition,Data,cl.runtime.view.dag.dag_node_position.DagNodePosition,None
DataDecl,Record,cl.runtime.schema.data_decl.DataDecl,None
DataMixin,Data,cl.runtime.records.data_mixin.DataMixin,None
DataSerializer,Data,cl.runtime.serializers.data_serializer.DataSerializer,None
DataService,Data,cl.runtime.services.data.data_service.DataService,None
DataSource,Record,cl.runtime.db.data_source.DataSource,None
DataSourceKey,Key,cl.runtime.db.data_source_key.DataSourceKey,None
DataSpec,Data,cl.runtime.schema.data_spec.DataSpec,None
DataclassFieldDecl,Data,cl.runtime.schema.for_dataclasses.dataclass_field_decl.DataclassFieldDecl,None
DataclassMixin,Data,cl.runtime.records.for_dataclasses.dataclass_mixin.DataclassMixin,None
DataclassTypeDecl,Record,cl.runtime.schema.for_dataclasses.dataclass_type_decl.DataclassTypeDecl,None
Dataset,Record,cl.runtime.db.dataset.Dataset,None
DatasetKey,Key,cl.runtime.db.dataset_key.DatasetKey,None
DateFormat,Enum,cl.runtime.serializers.date_format.DateFormat,None
DatetimeFormat,Enum,cl.runtime.serializers.datetime_format.DatetimeFormat,None
Db,Record,cl.runtime.db.db.Db,None
DbEventBroker,Record,cl.runtime.events.db_event_broker.DbEventBroker,None
DbKey,Key,cl.runtime.db.db_key.DbKey,None
DbSettings,Data,cl.runtime.settings.db_settings.DbSettings,None
Draw,Record,cl.runtime.stat.draw.Draw,None
DrawKey,Key,cl.runtime.stat.draw_key.DrawKey,None
ElementDecl,Data,cl.runtime.schema.element_decl.ElementDecl,None
EmptyView,Record,cl.runtime.views.empty_view.EmptyView,None
Encoder,Data,cl.runtime.serializers.encoder.Encoder,None
EnumDecl,Record,cl.runtime.schema.enum_decl.EnumDecl,None
EnumFormat,Enum,cl.runtime.serializers.enum_format.EnumFormat,None
EnumItemDecl,Data,cl.runtime.schema.enum_item_decl.EnumItemDecl,None
EnumItemLabel,Record,cl.runtime.settings.labels.enum_item_label.EnumItemLabel,None
EnumItemLabelKey,Key,cl.runtime.settings.labels.enum_item_label_key.EnumItemLabelKey,None
EnumMemberSpec,Data,cl.runtime.schema.enum_member_spec.EnumMemberSpec,None
EnumSerializer,Data,cl.runtime.serializers.enum_serializer.EnumSerializer,None
EnumSpec,Data,cl.runtime.schema.enum_spec.EnumSpec,None
Env,Record,cl.runtime.server.env.Env,None
EnvInfo,Data,cl.runtime.routers.settings.env_info.EnvInfo,None
EnvKey,Key,cl.runtime.server.env_key.EnvKey,None
EnvKind,Enum,cl.runtime.settings.env_kind.EnvKind,None
EnvSettings,Data,cl.runtime.settings.env_settings.EnvSettings,None
Event,Record,cl.runtime.events.event.Event,None
EventBroker,Record,cl.runtime.events.event_broker.EventBroker,None
EventBrokerKey,Key,cl.runtime.events.event_broker_key.EventBrokerKey,None
EventKey,Key,cl.runtime.events.event_key.EventKey,None
EventKind,Enum,cl.runtime.events.event_kind.EventKind,None
Exists,Data,cl.runtime.records.predicates.Exists,None
Experiment,Record,cl.runtime.stat.experiment.Experiment,None
ExperimentInterrupt,Record,cl.runtime.stat.experiment_interrupt.ExperimentInterrupt,None
ExperimentInterruptKey,Key,cl.runtime.stat.experiment_interrupt_key.ExperimentInterruptKey,None
ExperimentKey,Key,cl.runtime.stat.experiment_key.ExperimentKey,None
ExperimentKeyQuery,Data,cl.runtime.stat.experiment_key_query.ExperimentKeyQuery,None
FieldDecl,Data,cl.runtime.schema.field_decl.FieldDecl,None
FieldLabel,Record,cl.runtime.settings.labels.field_label.FieldLabel,None
FieldLabelKey,Key,cl.runtime.settings.labels.field_label_key.FieldLabelKey,None
FieldSpec,Data,cl.runtime.schema.field_spec.FieldSpec,None
FileData,Data,cl.runtime.file.file_data.FileData,None
FileKind,Enum,cl.runtime.file.file_kind.FileKind,None
Filter,Record,cl.runtime.db.filter.Filter,None
FilterByQuery,Record,cl.runtime.db.filter_by_query.FilterByQuery,None
FilterByType,Record,cl.runtime.db.filter_by_type.FilterByType,None
FilterKey,Key,cl.runtime.db.filter_key.FilterKey,None
FilterMany,Record,cl.runtime.db.filter_many.FilterMany,None
FilterScreenItem,Data,cl.runtime.services.data.filter_screen_item.FilterScreenItem,None
FloatFormat,Enum,cl.runtime.serializers.float_format.FloatFormat,None
FstringTemplateEngine,Record,cl.runtime.templates.fstring_template_engine.FstringTemplateEngine,None
GroupBarPlot,Record,cl.runtime.plots.group_bar_plot.GroupBarPlot,None
Gt,Data,cl.runtime.records.predicates.Gt,None
Gte,Data,cl.runtime.records.predicates.Gte,None
HandlerDeclareBlockDecl,Data,cl.runtime.schema.handler_declare_block_decl.HandlerDeclareBlockDecl,None
HandlerDeclareDecl,Data,cl.runtime.schema.handler_declare_decl.HandlerDeclareDecl,None
HandlerParamDecl,Data,cl.runtime.schema.handler_param_decl.HandlerParamDecl,None
HandlerVariableDecl,Data,cl.runtime.schema.handler_variable_decl.HandlerVariableDecl,None
HeatMapPlot,Record,cl.runtime.plots.heat_map_plot.HeatMapPlot,None
HtmlView,Record,cl.runtime.views.html_view.HtmlView,None
In,Data,cl.runtime.records.predicates.In,None
InstanceMethodTask,Record,cl.runtime.tasks.instance_method_task.InstanceMethodTask,None
IntFormat,Enum,cl.runtime.serializers.int_format.IntFormat,None
JsonEncoder,Data,cl.runtime.serializers.json_encoder.JsonEncoder,None
JsonFormat,Enum,cl.runtime.serializers.json_format.JsonFormat,None
JsonSerializer,Data,cl.runtime.serializers.json_serializer.JsonSerializer,None
KeyDecl,Record,cl.runtime.schema.key_decl.KeyDecl,None
KeyFormat,Enum,cl.runtime.serializers.key_format.KeyFormat,None
KeyListView,Record,cl.runtime.views.key_list_view.KeyListView,None
KeyMixin,Key,cl.runtime.records.key_mixin.KeyMixin,None
KeySerializer,Data,cl.runtime.serializers.key_serializer.KeySerializer,None
KeyView,Record,cl.runtime.views.key_view.KeyView,None
LayoutElement,Data,cl.runtime.ui.layout_element.LayoutElement,None
LayoutElementBase,Data,cl.runtime.ui.layout_element_base.LayoutElementBase,None
LayoutStackElement,Data,cl.runtime.ui.layout_stack_element.LayoutStackElement,None
LinePlot,Record,cl.runtime.plots.line_plot.LinePlot,None
LocalBinaryFile,Data,cl.runtime.storage.local_binary_file.LocalBinaryFile,None
LocalCache,Record,cl.runtime.db.local.local_cache.LocalCache,None
LocalSecretsProvider,Data,cl.runtime.auth.local_secrets_provider.LocalSecretsProvider,None
LocalStorage,Record,cl.runtime.storage.local_storage.LocalStorage,None
LocalTextFile,Data,cl.runtime.storage.local_text_file.LocalTextFile,None
Locale,Record,cl.runtime.parsers.locale.Locale,None
LocaleKey,Key,cl.runtime.parsers.locale_key.LocaleKey,None
LocaleSettings,Data,cl.runtime.settings.locale_settings.LocaleSettings,None
Log,Record,cl.runtime.log.log.Log,None
LogEvent,Record,cl.runtime.events.log_event.LogEvent,None
LogKey,Key,cl.runtime.log.log_key.LogKey,None
LogLevel,Enum,cl.runtime.log.log_level.LogLevel,None
LogMessage,Record,cl.runtime.log.log_message.LogMessage,None
LogMessageKey,Key,cl.runtime.log.log_message_key.LogMessageKey,None
LogSettings,Data,cl.runtime.settings.log_settings.LogSettings,None
LongFormat,Enum,cl.runtime.serializers.long_format.LongFormat,None
Lt,Data,cl.runtime.records.predicates.Lt,None
Lte,Data,cl.runtime.records.predicates.Lte,None
MatplotlibPlot,Record,cl.runtime.plots.matplotlib_plot.MatplotlibPlot,None
MemberDecl,Data,cl.runtime.schema.member_decl.MemberDecl,None
MethodLabel,Record,cl.runtime.settings.labels.method_label.MethodLabel,None
MethodLabelKey,Key,cl.runtime.settings.labels.method_label_key.MethodLabelKey,None
MethodTask,Record,cl.runtime.tasks.method_task.MethodTask,None
ModuleDecl,Record,cl.runtime.schema.module_decl.ModuleDecl,None
ModuleDeclKey,Key,cl.runtime.schema.module_decl_key.ModuleDeclKey,None
MultiPlot,Record,cl.runtime.plots.multi_plot.MultiPlot,None
NoneFormat,Enum,cl.runtime.serializers.none_format.NoneFormat,None
Not,Data,cl.runtime.records.predicates.Not,None
NotIn,Data,cl.runtime.records.predicates.NotIn,None
Or,Data,cl.runtime.records.predicates.Or,None
PackageAlias,Record,cl.runtime.settings.aliases.package_alias.PackageAlias,None
PackageAliasKey,Key,cl.runtime.settings.aliases.package_alias_key.PackageAliasKey,None
PackageLabel,Record,cl.runtime.settings.labels.package_label.PackageLabel,None
PackageLabelKey,Key,cl.runtime.settings.labels.package_label_key.PackageLabelKey,None
PdfView,Record,cl.runtime.views.pdf_view.PdfView,None
Permission,Record,cl.runtime.db.permission.Permission,None
PermissionKey,Key,cl.runtime.db.permission_key.PermissionKey,None
Plot,Record,cl.runtime.plots.plot.Plot,None
PlotColor,Enum,cl.runtime.plots.plot_color.PlotColor,None
PlotKey,Key,cl.runtime.plots.plot_key.PlotKey,None
PlotLineStyle,Enum,cl.runtime.plots.plot_line_style.PlotLineStyle,None
PlotMarkerStyle,Enum,cl.runtime.plots.plot_marker_style.PlotMarkerStyle,None
PlotSurfaceStyle,Enum,cl.runtime.plots.plot_surface_style.PlotSurfaceStyle,None
PlotView,Record,cl.runtime.views.plot_view.PlotView,None
PlotlyEngine,Record,cl.runtime.plots.for_matplotlib.plotly_engine.PlotlyEngine,None
PlottingEngine,Record,cl.runtime.plots.plotting_engine.PlottingEngine,None
PlottingEngineKey,Key,cl.runtime.plots.plotting_engine_key.PlottingEngineKey,None
PngView,Record,cl.runtime.views.png_view.PngView,None
Predicate,Data,cl.runtime.records.predicates.Predicate,None
PreloadConfiguration,Record,cl.runtime.configurations.preload_configuration.PreloadConfiguration,None
PreloadSettings,Data,cl.runtime.settings.preload_settings.PreloadSettings,None
PrimitiveDecl,Record,cl.runtime.schema.primitive_decl.PrimitiveDecl,None
PrimitiveSerializer,Data,cl.runtime.serializers.primitive_serializer.PrimitiveSerializer,None
PrimitiveSpec,Data,cl.runtime.schema.primitive_spec.PrimitiveSpec,None
ProcessQueue,Record,cl.runtime.tasks.process_queue.ProcessQueue,None
PydanticMixin,Data,cl.runtime.records.for_pydantic.pydantic_mixin.PydanticMixin,None
QaSettings,Data,cl.runtime.settings.qa_settings.QaSettings,None
QueryMixin,Data,cl.runtime.db.query_mixin.QueryMixin,None
Range,Data,cl.runtime.records.predicates.Range,None
Reader,Record,cl.runtime.file.reader.Reader,None
ReaderKey,Key,cl.runtime.file.reader_key.ReaderKey,None
RecordDecl,Record,cl.runtime.schema.record_decl.RecordDecl,None
RecordListView,Record,cl.runtime.views.record_list_view.RecordListView,None
RecordMixin,Record,cl.runtime.records.record_mixin.RecordMixin,None
RecordPanel,Data,cl.runtime.records.record_panel.RecordPanel,None
RecordTypePresence,Record,cl.runtime.records.record_type_presence.RecordTypePresence,None
RecordTypePresenceKey,Key,cl.runtime.records.record_type_presence_key.RecordTypePresenceKey,None
RecordTypePresenceQuery,Data,cl.runtime.records.record_type_presence_query.RecordTypePresenceQuery,None
RecordView,Record,cl.runtime.views.record_view.RecordView,None
Resource,Record,cl.runtime.db.resource.Resource,None
ResourceKey,Key,cl.runtime.db.resource_key.ResourceKey,None
RunResponseItem,Data,cl.runtime.routers.handler.run_response_item.RunResponseItem,None
SavePolicy,Enum,cl.runtime.db.save_policy.SavePolicy,None
ScatterPlot2D,Record,cl.runtime.plots.scatter_plot_2d.ScatterPlot2D,None
ScatterPlot3D,Record,cl.runtime.plots.scatter_plot_3d.ScatterPlot3D,None
ScatterValues2D,Data,cl.runtime.plots.scatter_values_2d.ScatterValues2D,None
ScatterValues3D,Data,cl.runtime.plots.scatter_values_3d.ScatterValues3D,None
ScreensResponse,Data,cl.runtime.services.data.screens_response.ScreensResponse,None
Script,Record,cl.runtime.views.script.Script,None
ScriptLanguage,Enum,cl.runtime.views.script_language.ScriptLanguage,None
SecretsProvider,Data,cl.runtime.auth.secrets_provider.SecretsProvider,None
SecretsSettings,Data,cl.runtime.settings.secrets_settings.SecretsSettings,None
SelectDataResponse,Data,cl.runtime.services.data.select_data_response.SelectDataResponse,None
Serializer,Data,cl.runtime.serializers.serializer.Serializer,None
Settings,Data,cl.runtime.settings.settings.Settings,None
SlotsUtil,Data,cl.runtime.serializers.slots_util.SlotsUtil,None
SortOrder,Enum,cl.runtime.db.sort_order.SortOrder,None
SqliteDb,Record,cl.runtime.db.sql.sqlite_db.SqliteDb,None
SseSettings,Data,cl.runtime.settings.sse_settings.SseSettings,None
StackBarPlot,Record,cl.runtime.plots.stack_bar_plot.StackBarPlot,None
Storage,Record,cl.runtime.storage.storage.Storage,None
StorageKey,Key,cl.runtime.storage.storage_key.StorageKey,None
StorageMode,Enum,cl.runtime.storage.storage_mode.StorageMode,None
StringFormat,Enum,cl.runtime.serializers.string_format.StringFormat,None
StubBinaryExperiment,Record,stubs.cl.runtime.stat.stub_binary_experiment.StubBinaryExperiment,None
StubClassifierExperiment,Record,stubs.cl.runtime.stat.stub_classifier_experiment.StubClassifierExperiment,None
StubContext,Record,stubs.cl.runtime.contexts.stub_context.StubContext,None
StubContextKey,Key,stubs.cl.runtime.contexts.stub_context_key.StubContextKey,None
StubDataViewers,Record,stubs.cl.runtime.views.stub_data_viewers.StubDataViewers,None
StubDataclass,Record,stubs.cl.runtime.records.for_dataclasses.stub_dataclass.StubDataclass,None
StubDataclassAliased,Record,stubs.cl.runtime.records.for_dataclasses.stub_dataclass_aliased.StubDataclassAliased,None
StubDataclassAliasedKey,Key,stubs.cl.runtime.records.for_dataclasses.stub_dataclass_aliased_key.StubDataclassAliasedKey,None
StubDataclassAnyFields,Record,stubs.cl.runtime.records.for_dataclasses.stub_dataclass_any_fields.StubDataclassAnyFields,None
StubDataclassAnyFieldsKey,Key,stubs.cl.runtime.records.for_dataclasses.stub_dataclass_any_fields_key.StubDataclassAnyFieldsKey,None
StubDataclassComposite,Record,stubs.cl.runtime.records.for_dataclasses.stub_dataclass_composite.StubDataclassComposite,None
StubDataclassCompositeKey,Key,stubs.cl.runtime.records.for_dataclasses.stub_dataclass_composite_key.StubDataclassCompositeKey,None
StubDataclassData,Data,stubs.cl.runtime.records.for_dataclasses.stub_dataclass_data.StubDataclassData,None
StubDataclassDerived,Record,stubs.cl.runtime.records.for_dataclasses.stub_dataclass_derived.StubDataclassDerived,None
StubDataclassDerivedData,Data,stubs.cl.runtime.records.for_dataclasses.stub_dataclass_derived_data.StubDataclassDerivedData,None
StubDataclassDerivedHandlers,Record,stubs.cl.runtime.records.for_dataclasses.stub_dataclass_derived_handlers.StubDataclassDerivedHandlers,None
StubDataclassDerivedQuery,Data,stubs.cl.runtime.records.for_dataclasses.stub_dataclass_derived_query.StubDataclassDerivedQuery,None
StubDataclassDictFields,Record,stubs.cl.runtime.records.for_dataclasses.stub_dataclass_dict_fields.StubDataclassDictFields,None
StubDataclassDictListFields,Record,stubs.cl.runtime.records.for_dataclasses.stub_dataclass_dict_list_fields.StubDataclassDictListFields,None
StubDataclassDoubleDerived,Record,stubs.cl.runtime.records.for_dataclasses.stub_dataclass_double_derived.StubDataclassDoubleDerived,None
StubDataclassDoubleDerivedData,Data,stubs.cl.runtime.records.for_dataclasses.stub_dataclass_double_derived_data.StubDataclassDoubleDerivedData,None
StubDataclassEmptyFields,Record,stubs.cl.runtime.records.for_dataclasses.stub_dataclass_empty_fields.StubDataclassEmptyFields,None
StubDataclassFrozendictFields,Record,stubs.cl.runtime.records.for_dataclasses.stub_dataclass_frozendict_fields.StubDataclassFrozendictFields,None
StubDataclassKey,Key,stubs.cl.runtime.records.for_dataclasses.stub_dataclass_key.StubDataclassKey,None
StubDataclassListDictFields,Record,stubs.cl.runtime.records.for_dataclasses.stub_dataclass_list_dict_fields.StubDataclassListDictFields,None
StubDataclassListFields,Record,stubs.cl.runtime.records.for_dataclasses.stub_dataclass_list_fields.StubDataclassListFields,None
StubDataclassNestedFields,Record,stubs.cl.runtime.records.for_dataclasses.stub_dataclass_nested_fields.StubDataclassNestedFields,None
StubDataclassNestedFieldsQuery,Data,stubs.cl.runtime.records.for_dataclasses.stub_dataclass_nested_fields_query.StubDataclassNestedFieldsQuery,None
StubDataclassNumpyFields,Record,stubs.cl.runtime.records.for_dataclasses.stub_dataclass_numpy_fields.StubDataclassNumpyFields,None
StubDataclassOptionalFields,Record,stubs.cl.runtime.records.for_dataclasses.stub_dataclass_optional_fields.StubDataclassOptionalFields,None
StubDataclassOptionalFieldsKey,Key,stubs.cl.runtime.records.for_dataclasses.stub_dataclass_optional_fields_key.StubDataclassOptionalFieldsKey,None
StubDataclassOtherDerived,Record,stubs.cl.runtime.records.for_dataclasses.stub_dataclass_other_derived.StubDataclassOtherDerived,None
StubDataclassPartialFreezable,Data,stubs.cl.runtime.records.for_dataclasses.stub_dataclass_partial_freezable.StubDataclassPartialFreezable,None
StubDataclassPolymorphic,Record,stubs.cl.runtime.records.for_dataclasses.stub_dataclass_polymorphic.StubDataclassPolymorphic,None
StubDataclassPolymorphicBaseKey,Key,stubs.cl.runtime.records.for_dataclasses.stub_dataclass_polymorphic_base_key.StubDataclassPolymorphicBaseKey,None
StubDataclassPolymorphicComposite,Record,stubs.cl.runtime.records.for_dataclasses.stub_dataclass_polymorphic_composite.StubDataclassPolymorphicComposite,None
StubDataclassPolymorphicCompositeKey,Key,stubs.cl.runtime.records.for_dataclasses.stub_dataclass_polymorphic_composite_key.StubDataclassPolymorphicCompositeKey,None
StubDataclassPolymorphicKey,Key,stubs.cl.runtime.records.for_dataclasses.stub_dataclass_polymorphic_key.StubDataclassPolymorphicKey,None
StubDataclassPrimitiveFields,Record,stubs.cl.runtime.records.for_dataclasses.stub_dataclass_primitive_fields.StubDataclassPrimitiveFields,None
StubDataclassPrimitiveFieldsKey,Key,stubs.cl.runtime.records.for_dataclasses.stub_dataclass_primitive_fields_key.StubDataclassPrimitiveFieldsKey,None
StubDataclassPrimitiveFieldsQuery,Data,stubs.cl.runtime.records.for_dataclasses.stub_dataclass_primitive_fields_query.StubDataclassPrimitiveFieldsQuery,None
StubDataclassQuery,Data,stubs.cl.runtime.records.for_dataclasses.stub_dataclass_query.StubDataclassQuery,None
StubDataclassSingleton,Record,stubs.cl.runtime.records.for_dataclasses.stub_dataclass_singleton.StubDataclassSingleton,None
StubDataclassSingletonKey,Key,stubs.cl.runtime.records.for_dataclasses.stub_dataclass_singleton_key.StubDataclassSingletonKey,None
StubDataclassTupleFields,Record,stubs.cl.runtime.records.for_dataclasses.stub_dataclass_tuple_fields.StubDataclassTupleFields,None
StubDataclassVersioned,Record,stubs.cl.runtime.records.for_dataclasses.stub_dataclass_versioned.StubDataclassVersioned,None
StubDataclassVersionedKey,Key,stubs.cl.runtime.records.for_dataclasses.stub_dataclass_versioned_key.StubDataclassVersionedKey,None
StubDerivedContext,Record,stubs.cl.runtime.contexts.stub_derived_context.StubDerivedContext,None
StubHandlers,Record,stubs.cl.runtime.records.for_dataclasses.stub_dataclass_handlers.StubHandlers,None
StubHandlersKey,Key,stubs.cl.runtime.records.for_dataclasses.stub_dataclass_handlers_key.StubHandlersKey,None
StubIntEnum,Enum,stubs.cl.runtime.records.enum.stub_int_enum.StubIntEnum,None
StubMediaViewers,Record,stubs.cl.runtime.views.stub_media_viewers.StubMediaViewers,None
StubPlotViewers,Record,stubs.cl.runtime.views.stub_plot_viewers.StubPlotViewers,None
StubPydantic,Record,stubs.cl.runtime.records.for_pydantic.stub_pydantic.StubPydantic,None
StubPydanticData,Data,stubs.cl.runtime.records.for_pydantic.stub_pydantic_data.StubPydanticData,None
StubPydanticHandlers,Record,stubs.cl.runtime.records.for_pydantic.stub_pydantic_handlers.StubPydanticHandlers,None
StubPydanticHandlersKey,Key,stubs.cl.runtime.records.for_pydantic.stub_pydantic_handlers_key.StubPydanticHandlersKey,None
StubPydanticKey,Key,stubs.cl.runtime.records.for_pydantic.stub_pydantic_key.StubPydanticKey,None
StubPydanticNestedFields,Record,stubs.cl.runtime.records.for_pydantic.stub_pydantic_nested_fields.StubPydanticNestedFields,None
StubRelabeledIntEnum,Enum,stubs.cl.runtime.records.enum.stub_relabeled_int_enum.StubRelabeledIntEnum,None
StubSamplesConfiguration,Record,stubs.cl.runtime.configurations.stub_samples_configuration.StubSamplesConfiguration,None
StubSlotted,Record,stubs.cl.runtime.records.for_slotted.stub_slotted.StubSlotted,None
StubSlottedKey,Key,stubs.cl.runtime.records.for_slotted.stub_slotted_key.StubSlottedKey,None
StubSupervisedBinaryExperiment,Record,stubs.cl.runtime.stat.stub_supervised_binary_experiment.StubSupervisedBinaryExperiment,None
StubSupervisedClassifierExperiment,Record,stubs.cl.runtime.stat.stub_supervised_classifier_experiment.StubSupervisedClassifierExperiment,None
StubTask,Record,stubs.cl.runtime.tasks.stub_task.StubTask,None
StubTemplate,Record,stubs.cl.runtime.templates.stub_template.StubTemplate,None
StubTemplateKey,Key,stubs.cl.runtime.templates.stub_template_key.StubTemplateKey,None
StubViewers,Record,stubs.cl.runtime.views.stub_viewers.StubViewers,None
StubViewersKey,Key,stubs.cl.runtime.views.stub_viewers_key.StubViewersKey,None
SuccessorDag,Record,cl.runtime.views.dag.successor_dag.SuccessorDag,None
SuccessorDagKey,Key,cl.runtime.views.dag.successor_dag_key.SuccessorDagKey,None
SuccessorDagNode,Record,cl.runtime.views.dag.successor_dag_node.SuccessorDagNode,None
SuccessorDagNodeKey,Key,cl.runtime.views.dag.successor_dag_node_key.SuccessorDagNodeKey,None
SupervisedBinaryExperiment,Record,cl.runtime.stat.supervised_binary_experiment.SupervisedBinaryExperiment,None
SupervisedBinaryTrial,Record,cl.runtime.stat.supervised_binary_trial.SupervisedBinaryTrial,None
SupervisedClassifierExperiment,Record,cl.runtime.stat.supervised_classifier_experiment.SupervisedClassifierExperiment,None
SupervisedClassifierTrial,Record,cl.runtime.stat.supervised_classifier_trial.SupervisedClassifierTrial,None
TabInfo,Data,cl.runtime.ui.tab_info.TabInfo,None
TableScreenItem,Data,cl.runtime.services.data.table_screen_item.TableScreenItem,None
Task,Record,cl.runtime.tasks.task.Task,None
TaskEvent,Record,cl.runtime.events.task_event.TaskEvent,None
TaskFinishedEvent,Record,cl.runtime.events.task_finished_event.TaskFinishedEvent,None
TaskKey,Key,cl.runtime.tasks.task_key.TaskKey,None
TaskLog,Record,cl.runtime.log.task_log.TaskLog,None
TaskLogs,Data,cl.runtime.log.task_logs.TaskLogs,None
TaskQuery,Data,cl.runtime.tasks.task_query.TaskQuery,None
TaskQueue,Record,cl.runtime.tasks.task_queue.TaskQueue,None
TaskQueueKey,Key,cl.runtime.tasks.task_queue_key.TaskQueueKey,None
TaskStatus,Enum,cl.runtime.tasks.task_status.TaskStatus,None
TemplateEngine,Record,cl.runtime.templates.template_engine.TemplateEngine,None
TemplateEngineKey,Key,cl.runtime.templates.template_engine_key.TemplateEngineKey,None
TemplateMixin,Record,cl.runtime.templates.template_mixin.TemplateMixin,None
Tenant,Record,cl.runtime.db.tenant.Tenant,None
TenantKey,Key,cl.runtime.db.tenant_key.TenantKey,None
TextFile,Data,cl.runtime.storage.text_file.TextFile,None
TextFileMode,Enum,cl.runtime.storage.text_file_mode.TextFileMode,None
TextInputNode,Data,cl.runtime.view.dag.nodes.text_input_node.TextInputNode,None
TextOutputNode,Data,cl.runtime.view.dag.nodes.text_output_node.TextOutputNode,None
TimeFormat,Enum,cl.runtime.serializers.time_format.TimeFormat,None
TimestampFormat,Enum,cl.runtime.serializers.timestamp_format.TimestampFormat,None
Trial,Record,cl.runtime.stat.trial.Trial,None
TrialKey,Key,cl.runtime.stat.trial_key.TrialKey,None
TrialQuery,Data,cl.runtime.stat.trial_query.TrialQuery,None
TypeDecl,Record,cl.runtime.schema.type_decl.TypeDecl,None
TypeDeclKey,Key,cl.runtime.schema.type_decl_key.TypeDeclKey,None
TypeFormat,Enum,cl.runtime.serializers.type_format.TypeFormat,None
TypeHint,Data,cl.runtime.schema.type_hint.TypeHint,None
TypeInclusion,Enum,cl.runtime.serializers.type_inclusion.TypeInclusion,None
TypeInfo,Data,cl.runtime.schema.type_info.TypeInfo,None
TypeKind,Enum,cl.runtime.schema.type_kind.TypeKind,None
TypeLabel,Record,cl.runtime.settings.labels.type_label.TypeLabel,None
TypeLabelKey,Key,cl.runtime.settings.labels.type_label_key.TypeLabelKey,None
TypePlacement,Enum,cl.runtime.serializers.type_placement.TypePlacement,None
TypeScreenItem,Data,cl.runtime.services.data.type_screen_item.TypeScreenItem,None
TypeSpec,Data,cl.runtime.schema.type_spec.TypeSpec,None
UiAppState,Record,cl.runtime.ui.ui_app_state.UiAppState,None
UiAppStateKey,Key,cl.runtime.ui.ui_app_state_key.UiAppStateKey,None
UiClearLogsMarker,Record,cl.runtime.log.ui_clear_logs_marker.UiClearLogsMarker,None
UiClearLogsMarkerKey,Key,cl.runtime.log.ui_clear_logs_marker_key.UiClearLogsMarkerKey,None
UiLogUtil,Data,cl.runtime.log.ui_log_util.UiLogUtil,None
UiRecordUtil,Data,cl.runtime.records.ui_record_util.UiRecordUtil,None
UiSupportUtil,Data,cl.runtime.ui.ui_support_util.UiSupportUtil,None
UiTypeLayout,Record,cl.runtime.ui.ui_type_layout.UiTypeLayout,None
UiTypeLayoutKey,Key,cl.runtime.ui.ui_type_layout_key.UiTypeLayoutKey,None
UiTypeState,Record,cl.runtime.ui.ui_type_state.UiTypeState,None
UiTypeStateKey,Key,cl.runtime.ui.ui_type_state_key.UiTypeStateKey,None
User,Record,cl.runtime.ui.user.User,None
UserKey,Key,cl.runtime.ui.user_key.UserKey,None
UserLogMessage,Record,cl.runtime.log.user_log_message.UserLogMessage,None
UserSecrets,Key,cl.runtime.auth.user_secrets.UserSecrets,None
UuidFormat,Enum,cl.runtime.serializers.uuid_format.UuidFormat,None
ValueDecl,Data,cl.runtime.schema.value_decl.ValueDecl,None
View,Record,cl.runtime.views.view.View,None
ViewKey,Key,cl.runtime.views.view_key.ViewKey,None
ViewKeyQuery,Data,cl.runtime.views.view_key_query.ViewKeyQuery,None
WorkflowPhase,Record,cl.runtime.workflows.workflow_phase.WorkflowPhase,None
WorkflowPhaseKey,Key,cl.runtime.workflows.workflow_phase_key.WorkflowPhaseKey,None
WorkflowPhaseTask,Record,cl.runtime.workflows.workflow_phase_task.WorkflowPhaseTask,None
WorkflowTask,Record,cl.runtime.workflows.workflow_task.WorkflowTask,None
YamlEncoder,Data,cl.runtime.serializers.yaml_encoder.YamlEncoder,None
YamlSerializer,Data,cl.runtime.serializers.yaml_serializer.YamlSerializer,None
